{
    "name": "root",
    "gauges": {
        "Player.Policy.Entropy.mean": {
            "value": 3.2626593112945557,
            "min": 3.1297643184661865,
            "max": 3.350867509841919,
            "count": 15
        },
        "Player.Policy.Entropy.sum": {
            "value": 221.86083984375,
            "min": 212.823974609375,
            "max": 14517.125,
            "count": 15
        },
        "Player.Step.mean": {
            "value": 513992.0,
            "min": 499965.0,
            "max": 513992.0,
            "count": 15
        },
        "Player.Step.sum": {
            "value": 513992.0,
            "min": 499965.0,
            "max": 513992.0,
            "count": 15
        },
        "Player.Policy.ExtrinsicValueEstimate.mean": {
            "value": 2.0697357654571533,
            "min": 1.9674917459487915,
            "max": 2.2534377574920654,
            "count": 15
        },
        "Player.Policy.ExtrinsicValueEstimate.sum": {
            "value": 18.627622604370117,
            "min": 2.091742515563965,
            "max": 26.929662704467773,
            "count": 15
        },
        "Player.IsTraining.mean": {
            "value": 1.0,
            "min": 1.0,
            "max": 1.0,
            "count": 15
        },
        "Player.IsTraining.sum": {
            "value": 1.0,
            "min": 1.0,
            "max": 1.0,
            "count": 15
        },
        "Player.Environment.EpisodeLength.mean": {
            "value": 274.6666666666667,
            "min": 199.2,
            "max": 341.42857142857144,
            "count": 7
        },
        "Player.Environment.EpisodeLength.sum": {
            "value": 4944.0,
            "min": 1724.0,
            "max": 5724.0,
            "count": 7
        },
        "Player.Losses.PolicyLoss.mean": {
            "value": 0.09490353063906007,
            "min": 0.09004484044271521,
            "max": 0.11224567998142447,
            "count": 6
        },
        "Player.Losses.PolicyLoss.sum": {
            "value": 0.09490353063906007,
            "min": 0.09004484044271521,
            "max": 0.11224567998142447,
            "count": 6
        },
        "Player.Losses.ValueLoss.mean": {
            "value": 0.3803754242983731,
            "min": 0.32089199824258685,
            "max": 0.44599211405624045,
            "count": 6
        },
        "Player.Losses.ValueLoss.sum": {
            "value": 0.3803754242983731,
            "min": 0.32089199824258685,
            "max": 0.44599211405624045,
            "count": 6
        },
        "Player.Policy.LearningRate.mean": {
            "value": 0.00026249401250200003,
            "min": 0.00026249401250200003,
            "max": 0.0002632673537076341,
            "count": 6
        },
        "Player.Policy.LearningRate.sum": {
            "value": 0.00026249401250200003,
            "min": 0.00026249401250200003,
            "max": 0.0002632673537076341,
            "count": 6
        },
        "Player.Policy.Epsilon.mean": {
            "value": 0.18749799999999997,
            "min": 0.18749799999999997,
            "max": 0.18775578048780492,
            "count": 6
        },
        "Player.Policy.Epsilon.sum": {
            "value": 0.18749799999999997,
            "min": 0.18749799999999997,
            "max": 0.18775578048780492,
            "count": 6
        },
        "Player.Policy.Beta.mean": {
            "value": 0.004376150199999999,
            "min": 0.004376150199999999,
            "max": 0.004389013446341463,
            "count": 6
        },
        "Player.Policy.Beta.sum": {
            "value": 0.004376150199999999,
            "min": 0.004376150199999999,
            "max": 0.004389013446341463,
            "count": 6
        },
        "Player.Self-play.ELO.mean": {
            "value": 1368.4919795226422,
            "min": 1367.985866560888,
            "max": 1368.4919795226422,
            "count": 7
        },
        "Player.Self-play.ELO.sum": {
            "value": 10947.935836181137,
            "min": 5473.967918090569,
            "max": 12311.872799047993,
            "count": 7
        },
        "Player.Environment.CumulativeReward.mean": {
            "value": 3.7801663440962634,
            "min": 0.43989992141723633,
            "max": 13.419549703598022,
            "count": 12
        },
        "Player.Environment.CumulativeReward.sum": {
            "value": 11.34049903228879,
            "min": 1.3501997292041779,
            "max": 68.8524959385395,
            "count": 12
        },
        "Player.Policy.ExtrinsicReward.mean": {
            "value": 3.7801663440962634,
            "min": 0.43989992141723633,
            "max": 13.419549703598022,
            "count": 12
        },
        "Player.Policy.ExtrinsicReward.sum": {
            "value": 11.34049903228879,
            "min": 1.3501997292041779,
            "max": 68.8524959385395,
            "count": 12
        }
    },
    "metadata": {
        "timer_format_version": "0.1.0",
        "start_time_seconds": "1717356474",
        "python_version": "3.10.0 (tags/v3.10.0:b494f59, Oct  4 2021, 19:00:18) [MSC v.1929 64 bit (AMD64)]",
        "command_line_arguments": "C:\\Users\\emi02\\Tennis Project\\venv\\Scripts\\mlagents-learn Files_Yaml\\Tennis.yaml --run-id=Easy_2 --resume",
        "mlagents_version": "0.30.0",
        "mlagents_envs_version": "0.30.0",
        "communication_protocol_version": "1.5.0",
        "pytorch_version": "2.2.2+cpu",
        "numpy_version": "1.21.2",
        "end_time_seconds": "1717356517"
    },
    "total": 42.62214230000973,
    "count": 1,
    "self": 0.005044699995778501,
    "children": {
        "run_training.setup": {
            "total": 0.08403339993674308,
            "count": 1,
            "self": 0.08403339993674308
        },
        "TrainerController.start_learning": {
            "total": 42.533064200077206,
            "count": 1,
            "self": 0.030969801358878613,
            "children": {
                "TrainerController._reset_env": {
                    "total": 8.280865899985656,
                    "count": 2,
                    "self": 8.280865899985656
                },
                "TrainerController.advance": {
                    "total": 34.1252916988451,
                    "count": 945,
                    "self": 0.012609599274583161,
                    "children": {
                        "env_step": {
                            "total": 34.11268209957052,
                            "count": 945,
                            "self": 26.713422297034413,
                            "children": {
                                "SubprocessEnvManager._take_step": {
                                    "total": 7.386905100429431,
                                    "count": 945,
                                    "self": 0.11424070200882852,
                                    "children": {
                                        "TorchPolicy.evaluate": {
                                            "total": 7.272664398420602,
                                            "count": 1840,
                                            "self": 7.272664398420602
                                        }
                                    }
                                },
                                "workers": {
                                    "total": 0.012354702106676996,
                                    "count": 944,
                                    "self": 0.0,
                                    "children": {
                                        "worker_root": {
                                            "total": 31.14980480039958,
                                            "count": 944,
                                            "is_parallel": true,
                                            "self": 12.540735101443715,