{
    "name": "root",
    "gauges": {
        "Player.Policy.Entropy.mean": {
            "value": 3.1555891036987305,
            "min": 3.002495050430298,
            "max": 3.2898781299591064,
            "count": 15
        },
        "Player.Policy.Entropy.sum": {
            "value": 94.66767120361328,
            "min": 94.66767120361328,
            "max": 17467.2734375,
            "count": 15
        },
        "Player.Step.mean": {
            "value": 8160910.0,
            "min": 8146958.0,
            "max": 8160910.0,
            "count": 15
        },
        "Player.Step.sum": {
            "value": 8160910.0,
            "min": 8146958.0,
            "max": 8160910.0,
            "count": 15
        },
        "Player.Policy.ExtrinsicValueEstimate.mean": {
            "value": 6.254007339477539,
            "min": 6.163796424865723,
            "max": 6.284605026245117,
            "count": 15
        },
        "Player.Policy.ExtrinsicValueEstimate.sum": {
            "value": 50.03205871582031,
            "min": 24.798891067504883,
            "max": 50.27684020996094,
            "count": 15
        },
        "Player.IsTraining.mean": {
            "value": 1.0,
            "min": 1.0,
            "max": 1.0,
            "count": 15
        },
        "Player.IsTraining.sum": {
            "value": 1.0,
            "min": 1.0,
            "max": 1.0,
            "count": 15
        },
        "Player.Losses.PolicyLoss.mean": {
            "value": 0.09935123208289345,
            "min": 0.09359986865155709,
            "max": 0.10032779101786825,
            "count": 3
        },
        "Player.Losses.PolicyLoss.sum": {
            "value": 0.09935123208289345,
            "min": 0.09359986865155709,
            "max": 0.10032779101786825,
            "count": 3
        },
        "Player.Losses.ValueLoss.mean": {
            "value": 0.010153420713031665,
            "min": 0.010153420713031665,
            "max": 0.015176506569453825,
            "count": 3
        },
        "Player.Losses.ValueLoss.sum": {
            "value": 0.010153420713031665,
            "min": 0.010153420713031665,
            "max": 0.015176506569453825,
            "count": 3
        },
        "Player.Policy.LearningRate.mean": {
            "value": 0.000275526110157966,
            "min": 0.000275526110157966,
            "max": 0.0002755491501502859,
            "count": 3
        },
        "Player.Policy.LearningRate.sum": {
            "value": 0.000275526110157966,
            "min": 0.000275526110157966,
            "max": 0.0002755491501502859,
            "count": 3
        },
        "Player.Policy.Epsilon.mean": {
            "value": 0.19184203400000002,
            "min": 0.19184203400000002,
            "max": 0.191849714,
            "count": 3
        },
        "Player.Policy.Epsilon.sum": {
            "value": 0.19184203400000002,
            "min": 0.19184203400000002,
            "max": 0.191849714,
            "count": 3
        },
        "Player.Policy.Beta.mean": {
            "value": 0.0045929174966,
            "min": 0.0045929174966,
            "max": 0.0045933007286000005,
            "count": 3
        },
        "Player.Policy.Beta.sum": {
            "value": 0.0045929174966,
            "min": 0.0045929174966,
            "max": 0.0045933007286000005,
            "count": 3
        }
    },
    "metadata": {
        "timer_format_version": "0.1.0",
        "start_time_seconds": "1716662935",
        "python_version": "3.10.0 (tags/v3.10.0:b494f59, Oct  4 2021, 19:00:18) [MSC v.1929 64 bit (AMD64)]",
        "command_line_arguments": "C:\\Users\\emi02\\Tennis Project\\venv\\Scripts\\mlagents-learn Files_Yaml/Tennis.yaml --run-id=6 --resume",
        "mlagents_version": "0.30.0",
        "mlagents_envs_version": "0.30.0",
        "communication_protocol_version": "1.5.0",
        "pytorch_version": "2.2.2+cpu",
        "numpy_version": "1.21.2",
        "end_time_seconds": "1716662995"
    },
    "total": 59.529089699994074,
    "count": 1,
    "self": 0.004903099994407967,
    "children": {
        "run_training.setup": {
            "total": 0.06135190001805313,
            "count": 1,
            "self": 0.06135190001805313
        },
        "TrainerController.start_learning": {
            "total": 59.46283469998161,
            "count": 1,
            "self": 0.02896670004702173,
            "children": {
                "TrainerController._reset_env": {
                    "total": 11.689127999998163,
                    "count": 2,
                    "self": 11.689127999998163
                },
                "TrainerController.advance": {
                    "total": 47.58353659993736,
                    "count": 1140,
                    "self": 0.012038499378832057,
                    "children": {
                        "env_step": {
                            "total": 47.57149810055853,
                            "count": 1140,
                            "self": 39.33730620058486,
                            "children": {
                                "SubprocessEnvManager._take_step": {
                                    "total": 8.221104599389946,
                                    "count": 1140,
                                    "self": 0.18185499962419271,
                                    "children": {
                                        "TorchPolicy.evaluate": {
                                            "total": 8.039249599765753,
                                            "count": 2280,
                                            "self": 8.039249599765753
                                        }
                                    }
                                },
                                "workers": {
                                    "total": 0.013087300583720207,
                                    "count": 1139,
                                    "self": 0.0,
                                    "children": {
                                        "worker_root": {
                                            "total": 32.119609799963655,
                                            "count": 1139,
                                            "is_parallel": true,
                                            "self": 12.339737800823059,
                                            "children": {
                                                "steps_from_proto": {
                                                    "total": 0.0011312000278849155,
                                                    "count": 4,
                                                    "is_parallel": true,
                                                    "self": 0.0005406000709626824,
                                                    "children": {
                                                        "_process_rank_one_or_two_observation": {
                                                            "total": 0.0005905999569222331,
                                                            "count": 8,
                                                            "is_parallel": true,
                                                            "self": 0.0005905999569222331
                                                        }
                                                    }
                                                },
                                                "UnityEnvironment.step": {
                                                    "total": 19.77874079911271,
                                                    "count": 1139,
                                                    "is_parallel": true,
                                                    "self": 0.21844659966882318,