{
    "name": "root",
    "gauges": {
        "Player.Policy.Entropy.mean": {
            "value": 2.199425458908081,
            "min": 2.0190699100494385,
            "max": 2.2449309825897217,
            "count": 19
        },
        "Player.Policy.Entropy.sum": {
            "value": 523.4632568359375,
            "min": 75.97505187988281,
            "max": 9291.650390625,
            "count": 19
        },
        "Player.Step.mean": {
            "value": 8172958.0,
            "min": 8154943.0,
            "max": 8172958.0,
            "count": 19
        },
        "Player.Step.sum": {
            "value": 8172958.0,
            "min": 8154943.0,
            "max": 8172958.0,
            "count": 19
        },
        "Player.Policy.ExtrinsicValueEstimate.mean": {
            "value": 1.6948699951171875,
            "min": 0.3535860776901245,
            "max": 2.221116065979004,
            "count": 19
        },
        "Player.Policy.ExtrinsicValueEstimate.sum": {
            "value": 13.5589599609375,
            "min": 2.149843692779541,
            "max": 26.310075759887695,
            "count": 19
        },
        "Player.IsTraining.mean": {
            "value": 1.0,
            "min": 1.0,
            "max": 1.0,
            "count": 19
        },
        "Player.IsTraining.sum": {
            "value": 1.0,
            "min": 1.0,
            "max": 1.0,
            "count": 19
        },
        "Player.Losses.PolicyLoss.mean": {
            "value": 0.10507093952178503,
            "min": 0.0886939931573579,
            "max": 0.10507093952178503,
            "count": 8
        },
        "Player.Losses.PolicyLoss.sum": {
            "value": 0.10507093952178503,
            "min": 0.0886939931573579,
            "max": 0.10507093952178503,
            "count": 8
        },
        "Player.Losses.ValueLoss.mean": {
            "value": 0.12120219353925098,
            "min": 0.08122863505473908,
            "max": 3.588918580778409,
            "count": 8
        },
        "Player.Losses.ValueLoss.sum": {
            "value": 0.12120219353925098,
            "min": 0.08122863505473908,
            "max": 3.588918580778409,
            "count": 8
        },
        "Player.Policy.LearningRate.mean": {
            "value": 5.484968171680002e-05,
            "min": 5.484968171680002e-05,
            "max": 5.5290351569909985e-05,
            "count": 8
        },
        "Player.Policy.LearningRate.sum": {
            "value": 5.484968171680002e-05,
            "min": 5.484968171680002e-05,
            "max": 5.5290351569909985e-05,
            "count": 8
        },
        "Player.Policy.Epsilon.mean": {
            "value": 0.11828320000000002,
            "min": 0.11828320000000002,
            "max": 0.11843009,
            "count": 8
        },
        "Player.Policy.Epsilon.sum": {
            "value": 0.11828320000000002,
            "min": 0.11828320000000002,
            "max": 0.11843009,
            "count": 8
        },
        "Player.Policy.Beta.mean": {
            "value": 0.0009223316799999999,
            "min": 0.0009223316799999999,
            "max": 0.000929661491,
            "count": 8
        },
        "Player.Policy.Beta.sum": {
            "value": 0.0009223316799999999,
            "min": 0.0009223316799999999,
            "max": 0.000929661491,
            "count": 8
        },
        "Player.Environment.EpisodeLength.mean": {
            "value": 565.6666666666666,
            "min": 254.0,
            "max": 601.0,
            "count": 10
        },
        "Player.Environment.EpisodeLength.sum": {
            "value": 3394.0,
            "min": 508.0,
            "max": 6838.0,
            "count": 10
        },
        "Player.Self-play.ELO.mean": {
            "value": 686.271391267564,
            "min": 684.3536015044488,
            "max": 686.271391267564,
            "count": 10
        },
        "Player.Self-play.ELO.sum": {
            "value": 2058.814173802692,
            "min": 685.5896435106713,
            "max": 6163.483296164654,
            "count": 10
        },
        "Player.Environment.CumulativeReward.mean": {
            "value": 11.018650025129318,
            "min": 3.9340001344680786,
            "max": 12.070500075817108,
            "count": 11
        },
        "Player.Environment.CumulativeReward.sum": {
            "value": 44.07460010051727,
            "min": 3.9340001344680786,
            "max": 58.14129996299744,
            "count": 11
        },
        "Player.Policy.ExtrinsicReward.mean": {
            "value": 11.018650025129318,
            "min": 3.9340001344680786,
            "max": 12.070500075817108,
            "count": 11
        },
        "Player.Policy.ExtrinsicReward.sum": {
            "value": 44.07460010051727,
            "min": 3.9340001344680786,
            "max": 58.14129996299744,
            "count": 11
        }
    },
    "metadata": {
        "timer_format_version": "0.1.0",
        "start_time_seconds": "1717428656",
        "python_version": "3.10.0 (tags/v3.10.0:b494f59, Oct  4 2021, 19:00:18) [MSC v.1929 64 bit (AMD64)]",
        "command_line_arguments": "C:\\Users\\emi02\\Tennis Project\\venv\\Scripts\\mlagents-learn Files_Yaml\\Tennis.yaml --run-id=Hard_3 --resume",
        "mlagents_version": "0.30.0",
        "mlagents_envs_version": "0.30.0",
        "communication_protocol_version": "1.5.0",
        "pytorch_version": "2.2.2+cpu",
        "numpy_version": "1.21.2",
        "end_time_seconds": "1717428705"
    },
    "total": 48.36887859995477,
    "count": 1,
    "self": 0.005445199902169406,
    "children": {
        "run_training.setup": {
            "total": 0.0621656000148505,
            "count": 1,
            "self": 0.0621656000148505
        },
        "TrainerController.start_learning": {
            "total": 48.30126780003775,
            "count": 1,
            "self": 0.9575041008647531,
            "children": {
                "TrainerController._reset_env": {
                    "total": 8.21279829996638,
                    "count": 2,
                    "self": 8.21279829996638
                },
                "TrainerController.advance": {
                    "total": 38.94802729925141,
                    "count": 1243,
                    "self": 0.01426799688488245,
                    "children": {
                        "env_step": {
                            "total": 38.933759302366525,
                            "count": 1243,
                            "self": 29.587009503738955,
                            "children": {
                                "SubprocessEnvManager._take_step": {
                                    "total": 9.331489799311385,
                                    "count": 1243,
                                    "self": 0.1347278974717483,
                                    "children": {
                                        "TorchPolicy.evaluate": {
                                            "total": 9.196761901839636,
                                            "count": 2422,
                                            "self": 9.196761901839636
                                        }
                                    }
                                },
                                "workers": {
                                    "total": 0.015259999316185713,
                                    "count": 1242,
                                    "self": 0.0,
                                    "children": {
                                        "worker_root": {
                                            "total": 40.312434198567644,
                                            "count": 1242,
                                            "is_parallel": true,
                                            "self": 14.87870089802891,